path,date,status
https://www.opm.gov/policy-data-oversight/snow-dismissal-procedures/status-archives/22/1/19/Open---2-hours-Delayed-Arrival---With-Option-for-Unscheduled-Leave-or-Unscheduled-Telework_3029/,2022-01-19,Delayed Arrival
https://www.opm.gov/policy-data-oversight/snow-dismissal-procedures/status-archives/22/1/6/Office-Closure_3023/,2022-01-06,Closed
https://www.opm.gov/policy-data-oversight/snow-dismissal-procedures/status-archives/22/1/4/Open---3-hours-Delayed-Arrival---With-Option-for-Unscheduled-Leave-or-Unscheduled-Telework_3015/,2022-01-04,Delayed Arrival
https://www.opm.gov/policy-data-oversight/snow-dismissal-procedures/status-archives/22/1/3/Open---3-hours-Delayed-Arrival---With-Option-for-Unscheduled-Leave-or-Unscheduled-Telework_3001/,2022-01-03,Delayed Arrival
https://www.opm.gov/policy-data-oversight/snow-dismissal-procedures/status-archives/22/1/2/Office-Closure_2989/,2022-01-02,Closed
https://www.opm.gov/policy-data-oversight/snow-dismissal-procedures/status-archives/21/2/18/Open---2-hours-Delayed-Arrival---With-Option-for-Unscheduled-Leave-or-Unscheduled-Telework_2984/,2021-02-18,Delayed Arrival
https://www.opm.gov/policy-data-oversight/snow-dismissal-procedures/status-archives/21/2/17/Office-Closure_1984/,2021-02-17,Closed
https://www.opm.gov/policy-data-oversight/snow-dismissal-procedures/status-archives/21/2/10/Open-with-Option-for-Unscheduled-Leave-or-Unscheduled-Telework_1981/,2021-02-10,Unscheduled Leave
https://www.opm.gov/policy-data-oversight/snow-dismissal-procedures/status-archives/21/2/1/Open---2-hours-Delayed-Arrival---With-Option-for-Unscheduled-Leave-or-Unscheduled-Telework_1976/,2021-02-01,Delayed Arrival
https://www.opm.gov/policy-data-oversight/snow-dismissal-procedures/status-archives/21/1/31/Open-with-Option-for-Unscheduled-Leave-or-Unscheduled-Telework_1968/,2021-01-31,Unscheduled Leave
https://www.opm.gov/policy-data-oversight/snow-dismissal-procedures/status-archives/21/1/25/Open-with-Option-for-Unscheduled-Leave-or-Unscheduled-Telework_1957/,2021-01-25,Unscheduled Leave
https://www.opm.gov/policy-data-oversight/snow-dismissal-procedures/status-archives/20/12/17/Open_1948/,2020-12-17,Open
https://www.opm.gov/policy-data-oversight/snow-dismissal-procedures/status-archives/20/12/16/Open---Delayed-Arrival---Employees-Must-Report-to-Their-Office-No-Later-Than-1000-am---with-Option-for-Unscheduled-Leave-or-Unscheduled-Telework_946/,2020-12-16,Delayed Arrival
https://www.opm.gov/policy-data-oversight/snow-dismissal-procedures/status-archives/20/12/15/Open-with-Option-for-Unscheduled-Leave-or-Unscheduled-Telework_940/,2020-12-15,Unscheduled Leave
https://www.opm.gov/policy-data-oversight/snow-dismissal-procedures/status-archives/20/5/7/Open-the-Federal-Government-will-begin-a-phased-transition-to-normal-operations-in-line-with-the-national-guidelines-to-Open-Up-America-Again-Agencie_925/,2020-05-07,Open
https://www.opm.gov/policy-data-oversight/snow-dismissal-procedures/status-archives/20/3/17/Open-with-maximum-Telework-flexibilities-to-all-current-Telework-eligible-employees-pursuant-to-direction-from-Agency-Heads_917/,2020-03-17,Open
https://www.opm.gov/policy-data-oversight/snow-dismissal-procedures/status-archives/20/3/15/Open-with-maximum-Telework-flexibilities-to-all-current-Telework-eligible-employees-pursuant-to-direction-from-Agency-Heads_911/,2020-03-15,Open
https://www.opm.gov/policy-data-oversight/snow-dismissal-procedures/status-archives/20/1/7/Early-Departure---4-hours-Staggered-Early-Release---All-Employees-Must-Depart-No-Later-Than-100-pm_907/,2020-01-07,Early Dismisssal
https://www.opm.gov/policy-data-oversight/snow-dismissal-procedures/status-archives/19/2/28/Open-with-Option-for-Unscheduled-Leave-or-Unscheduled-Telework_903/,2019-02-28,Unscheduled Leave
https://www.opm.gov/policy-data-oversight/snow-dismissal-procedures/status-archives/19/2/20/Open-with-Option-for-Unscheduled-Leave-or-Unscheduled-Telework_899/,2019-02-20,Unscheduled Leave
https://www.opm.gov/policy-data-oversight/snow-dismissal-procedures/status-archives/19/2/19/Office-Closure_895/,2019-02-19,Closed
https://www.opm.gov/policy-data-oversight/snow-dismissal-procedures/status-archives/19/2/10/Open---2-hours-Delayed-Arrival---With-Option-for-Unscheduled-Leave-or-Unscheduled-Telework_887/,2019-02-10,Delayed Arrival
https://www.opm.gov/policy-data-oversight/snow-dismissal-procedures/status-archives/19/1/29/Open---3-hours-Delayed-Arrival---With-Option-for-Unscheduled-Leave-or-Unscheduled-Telework_881/,2019-01-30,Delayed Arrival
https://www.opm.gov/policy-data-oversight/snow-dismissal-procedures/status-archives/19/1/29/Early-Departure---2-hours-Staggered-Release_874/,2019-01-29,Early Dismisssal
https://www.opm.gov/policy-data-oversight/snow-dismissal-procedures/status-archives/19/1/26/Open_892/,2019-01-26,Open
https://www.opm.gov/policy-data-oversight/snow-dismissal-procedures/status-archives/19/1/14/Open---2-hours-Delayed-Arrival_862/,2019-01-14,Delayed Arrival
https://www.opm.gov/policy-data-oversight/snow-dismissal-procedures/status-archives/19/1/13/Office-Closure_858/,2019-01-13,Closed
https://www.opm.gov/policy-data-oversight/snow-dismissal-procedures/status-archives/18/12/26/Due-to-a-lapse-in-appropriations-Federal-Government-operations-vary-by-agency_848/,2018-12-26,Shut Down
https://www.opm.gov/policy-data-oversight/snow-dismissal-procedures/status-archives/18/12/25/All-federal-offices-and-agencies-are-closed-today-in-observance-of-the-Christmas-holiday-Please-refer-back-to-this-site-on-the-next-official-first-da_841/,2018-12-25,Closed
https://www.opm.gov/policy-data-oversight/snow-dismissal-procedures/status-archives/18/12/24/Subject-to-the-Executive-Order-11582-signed-by-President-Trump-Executive-Branch-Non-Postal-Federal-Employees-and-those-who-cannot-be-excused-from-nat_837/,2018-12-24,UNKNOWN
https://www.opm.gov/policy-data-oversight/snow-dismissal-procedures/status-archives/18/12/23/Due-to-a-lapse-in-appropriations-Federal-Government-operations-vary-by-agency_833/,2018-12-23,Shut Down
https://www.opm.gov/policy-data-oversight/snow-dismissal-procedures/status-archives/18/11/15/Open-with-Option-for-Unscheduled-Leave-or-Unscheduled-Telework_827/,2018-11-15,Unscheduled Leave
https://www.opm.gov/policy-data-oversight/snow-dismissal-procedures/status-archives/18/3/21/Open---2-hours-Delayed-Arrival---With-Option-for-Unscheduled-Leave-or-Unscheduled-Telework_822/,2018-03-22,Delayed Arrival
https://www.opm.gov/policy-data-oversight/snow-dismissal-procedures/status-archives/18/3/21/Federal-Offices-are-Closed---Emergency-and-Telework-ready-Employees-Must-Follow-Their-Agencys-Policies_818/,2018-03-21,Closed
https://www.opm.gov/policy-data-oversight/snow-dismissal-procedures/status-archives/18/3/2/Federal-Offices-are-Closed---Emergency-and-Telework-ready-Employees-Must-Follow-Their-Agencys-Policies_812/,2018-03-02,Closed
https://www.opm.gov/policy-data-oversight/snow-dismissal-procedures/status-archives/18/2/9/Open_799/,2018-02-09,Open
https://www.opm.gov/policy-data-oversight/snow-dismissal-procedures/status-archives/18/2/9/Due-to-a-lapse-in-appropriations-Federal-government-operations-vary-by-agency_796/,2018-02-09,Shut Down
https://www.opm.gov/policy-data-oversight/snow-dismissal-procedures/status-archives/18/2/7/Open---2-hours-Delayed-Arrival---With-Option-for-Unscheduled-Leave-or-Unscheduled-Telework_785/,2018-02-07,Delayed Arrival
https://www.opm.gov/policy-data-oversight/snow-dismissal-procedures/status-archives/18/1/22/Open_772/,2018-01-22,Open
https://www.opm.gov/policy-data-oversight/snow-dismissal-procedures/status-archives/18/1/20/Due-to-a-lapse-in-appropriations-Federal-government-operations-vary-by-agency_761/,2018-01-20,Shut Down
https://www.opm.gov/policy-data-oversight/snow-dismissal-procedures/status-archives/18/1/4/Open---2-hours-Delayed-Arrival---With-Option-for-Unscheduled-Leave-or-Unscheduled-Telework_748/,2018-01-04,Delayed Arrival
https://www.opm.gov/policy-data-oversight/snow-dismissal-procedures/status-archives/17/3/14/Open_742/,2017-03-15,Open
https://www.opm.gov/policy-data-oversight/snow-dismissal-procedures/status-archives/17/3/14/Open---3-hours-Delayed-Arrival---With-Option-for-Unscheduled-Leave-or-Unscheduled-Telework_737/,2017-03-14,Delayed Arrival
https://www.opm.gov/policy-data-oversight/snow-dismissal-procedures/status-archives/16/3/15/Open-with-Option-for-Unscheduled-Leave-or-Unscheduled-Telework_730/,2016-03-15,Unscheduled Leave
https://www.opm.gov/policy-data-oversight/snow-dismissal-procedures/status-archives/16/2/16/Open---3-hours-Delayed-Arrival---With-Option-for-Unscheduled-Leave-or-Unscheduled-Telework_726/,2016-02-16,Delayed Arrival
https://www.opm.gov/policy-data-oversight/snow-dismissal-procedures/status-archives/16/2/9/Open-with-Option-for-Unscheduled-Leave-or-Unscheduled-Telework_721/,2016-02-09,Unscheduled Leave
https://www.opm.gov/policy-data-oversight/snow-dismissal-procedures/status-archives/16/1/28/Open-with-Option-for-Unscheduled-Leave-or-Unscheduled-Telework_715/,2016-01-28,Unscheduled Leave
https://www.opm.gov/policy-data-oversight/snow-dismissal-procedures/status-archives/16/1/27/Open---3-hours-Delayed-Arrival---With-Option-for-Unscheduled-Leave-or-Unscheduled-Telework_710/,2016-01-27,Delayed Arrival
https://www.opm.gov/policy-data-oversight/snow-dismissal-procedures/status-archives/16/1/26/Open---3-hours-Delayed-Arrival---With-Option-for-Unscheduled-Leave-or-Unscheduled-Telework_703/,2016-01-26,Delayed Arrival
https://www.opm.gov/policy-data-oversight/snow-dismissal-procedures/status-archives/16/1/25/Federal-Offices-are-Closed---Emergency-and-Telework-ready-Employees-Must-Follow-Their-Agencys-Policies_698/,2016-01-25,Closed
https://www.opm.gov/policy-data-oversight/snow-dismissal-procedures/status-archives/16/1/24/Federal-Offices-are-Closed---Emergency-and-Telework-ready-Employees-Must-Follow-Their-Agencys-Policies_692/,2016-01-24,Closed
https://www.opm.gov/policy-data-oversight/snow-dismissal-procedures/status-archives/16/1/22/FEDERAL-OFFICES-in-the-Washington-DC-area-remain-CLOSED_687/,2016-01-22,Closed
https://www.opm.gov/policy-data-oversight/snow-dismissal-procedures/status-archives/16/1/21/Open---with-Option-for-Unscheduled-Leave-or-Unscheduled-Telework-4-hours-Staggered-Early-Departure---Employees-Must-Depart-No-Later-Than-1200-PM-at-W_681/,2016-01-21,Early Dismisssal
https://www.opm.gov/policy-data-oversight/snow-dismissal-procedures/status-archives/15/3/6/Open---2-hours-Delayed-Arrival---With-Option-for-Unscheduled-Leave-or-Unscheduled-Telework_674/,2015-03-06,Delayed Arrival
https://www.opm.gov/policy-data-oversight/snow-dismissal-procedures/status-archives/15/3/5/Federal-Offices-are-Closed---Emergency-and-Telework-ready-Employees-Must-Follow-Their-Agencys-Policies_669/,2015-03-05,Closed
https://www.opm.gov/policy-data-oversight/snow-dismissal-procedures/status-archives/15/3/3/Open-with-Option-for-Unscheduled-Leave-or-Unscheduled-Telework_664/,2015-03-03,Unscheduled Leave
https://www.opm.gov/policy-data-oversight/snow-dismissal-procedures/status-archives/15/3/2/Open---2-hours-Delayed-Arrival---With-Option-for-Unscheduled-Leave-or-Unscheduled-Telework_660/,2015-03-02,Delayed Arrival
https://www.opm.gov/policy-data-oversight/snow-dismissal-procedures/status-archives/15/2/26/Open---2-hours-Delayed-Arrival---With-Option-for-Unscheduled-Leave-or-Unscheduled-Telework_655/,2015-02-26,Delayed Arrival
https://www.opm.gov/policy-data-oversight/snow-dismissal-procedures/status-archives/15/2/17/Open-with-Option-for-Unscheduled-Leave-or-Unscheduled-Telework_650/,2015-02-17,Unscheduled Leave
https://www.opm.gov/policy-data-oversight/snow-dismissal-procedures/status-archives/15/2/16/Federal-Offices-are-Closed---Emergency-and-Telework-ready-Employees-Must-Follow-Their-Agencys-Policies_647/,2015-02-16,Closed
https://www.opm.gov/policy-data-oversight/snow-dismissal-procedures/status-archives/15/1/27/Open---2-hours-Delayed-Arrival---With-Option-for-Unscheduled-Leave-or-Unscheduled-Telework_642/,2015-01-27,Delayed Arrival
https://www.opm.gov/policy-data-oversight/snow-dismissal-procedures/status-archives/15/1/26/Open-with-Option-for-Unscheduled-Leave-or-Unscheduled-Telework_638/,2015-01-26,Unscheduled Leave
https://www.opm.gov/policy-data-oversight/snow-dismissal-procedures/status-archives/15/1/21/Open-with-Option-for-Unscheduled-Leave-or-Unscheduled-Telework_633/,2015-01-21,Unscheduled Leave
https://www.opm.gov/policy-data-oversight/snow-dismissal-procedures/status-archives/15/1/14/Open-with-Option-for-Unscheduled-Leave-or-Unscheduled-Telework_629/,2015-01-14,Unscheduled Leave
https://www.opm.gov/policy-data-oversight/snow-dismissal-procedures/status-archives/15/1/11/Open---2-hours-Delayed-Arrival---With-Option-for-Unscheduled-Leave-or-Unscheduled-Telework_625/,2015-01-11,Delayed Arrival
https://www.opm.gov/policy-data-oversight/snow-dismissal-procedures/status-archives/15/1/6/Open-with-Option-for-Unscheduled-Leave-or-Unscheduled-Telework_621/,2015-01-06,Unscheduled Leave
https://www.opm.gov/policy-data-oversight/snow-dismissal-procedures/status-archives/14/3/17/Federal-Offices-are-Closed---Emergency-and-Telework-ready-Employees-Must-Follow-Their-Agencys-Policies_615/,2014-03-17,Closed
https://www.opm.gov/policy-data-oversight/snow-dismissal-procedures/status-archives/14/3/3/Open---2-hours-Delayed-Arrival---With-Option-for-Unscheduled-Leave-or-Unscheduled-Telework_608/,2014-03-03,Delayed Arrival
https://www.opm.gov/policy-data-oversight/snow-dismissal-procedures/status-archives/14/3/2/Federal-Offices-are-Closed---Emergency-and-Telework-ready-Employees-Must-Follow-Their-Agencys-Policies_604/,2014-03-02,Closed
https://www.opm.gov/policy-data-oversight/snow-dismissal-procedures/status-archives/14/2/26/Open-with-Option-for-Unscheduled-Leave-or-Unscheduled-Telework_601/,2014-02-26,Unscheduled Leave
https://www.opm.gov/policy-data-oversight/snow-dismissal-procedures/status-archives/14/2/13/Open---2-hours-Delayed-Arrival---With-Option-for-Unscheduled-Leave-or-Unscheduled-Telework_596/,2014-02-13,Delayed Arrival
https://www.opm.gov/policy-data-oversight/snow-dismissal-procedures/status-archives/14/2/12/Federal-Offices-are-Closed---Emergency-and-Telework-ready-Employees-Must-Follow-Their-Agencys-Policies_590/,2014-02-12,Closed
https://www.opm.gov/policy-data-oversight/snow-dismissal-procedures/status-archives/14/2/5/Open-with-Option-for-Unscheduled-Leave-or-Unscheduled-Telework_586/,2014-02-05,Unscheduled Leave
https://www.opm.gov/policy-data-oversight/snow-dismissal-procedures/status-archives/14/1/21/Open---2-hours-Delayed-Arrival---With-Option-for-Unscheduled-Leave-or-Unscheduled-Telework_581/,2014-01-22,Delayed Arrival
https://www.opm.gov/policy-data-oversight/snow-dismissal-procedures/status-archives/14/1/21/Federal-Offices-are-Closed---Emergency-and-Telework-ready-Employees-Must-Follow-Their-Agencys-Policies_577/,2014-01-21,Closed
https://www.opm.gov/policy-data-oversight/snow-dismissal-procedures/status-archives/14/1/2/Open-with-Option-for-Unscheduled-Leave-or-Unscheduled-Telework_572/,2014-01-02,Unscheduled Leave
https://www.opm.gov/policy-data-oversight/snow-dismissal-procedures/status-archives/13/12/10/Federal-Offices-are-Closed---Emergency-and-Telework-ready-Employees-Must-Follow-Their-Agencys-Policies_565/,2013-12-10,Closed
https://www.opm.gov/policy-data-oversight/snow-dismissal-procedures/status-archives/13/12/9/Open---2-hours-Delayed-Arrival---With-Option-for-Unscheduled-Leave-or-Unscheduled-Telework_559/,2013-12-09,Delayed Arrival
https://www.opm.gov/policy-data-oversight/snow-dismissal-procedures/status-archives/13/11/25/Open-with-Option-for-Unscheduled-Leave-or-Unscheduled-Telework_554/,2013-11-25,Unscheduled Leave
https://www.opm.gov/policy-data-oversight/snow-dismissal-procedures/status-archives/13/10/17/Open_543/,2013-10-17,Open
https://www.opm.gov/policy-data-oversight/snow-dismissal-procedures/status-archives/13/10/1/Due-to-a-lapse-in-appropriations-Federal-government-operations-vary-by-agency_531/,2013-10-01,Shut Down
https://www.opm.gov/policy-data-oversight/snow-dismissal-procedures/status-archives/13/6/13/Open-with-Option-for-Unscheduled-Leave-or-Unscheduled-Telework_527/,2013-06-13,Unscheduled Leave
https://www.opm.gov/policy-data-oversight/snow-dismissal-procedures/status-archives/13/3/6/Open_521/,2013-03-07,Open
https://www.opm.gov/policy-data-oversight/snow-dismissal-procedures/status-archives/13/3/6/Federal-Offices-are-Closed---Emergency-and-Telework-ready-Employees-Must-Follow-Their-Agencys-Policies_513/,2013-03-06,Closed
https://www.opm.gov/policy-data-oversight/snow-dismissal-procedures/status-archives/13/1/27/Open---Delayed-Arrival---Employees-should-remain-off-the-roads-until-1000-am-Federal-offices-will-Open-at-1200-noon-Employees-have-the-option-for-Uns_500/,2013-01-27,Delayed Arrival
https://www.opm.gov/policy-data-oversight/snow-dismissal-procedures/status-archives/13/1/24/Open-with-Option-for-Unscheduled-Leave-or-Unscheduled-Telework_498/,2013-01-25,Unscheduled Leave
https://www.opm.gov/policy-data-oversight/snow-dismissal-procedures/status-archives/13/1/24/Open-with-Option-for-Unscheduled-Leave-or-Unscheduled-Telework_494/,2013-01-24,Unscheduled Leave
https://www.opm.gov/policy-data-oversight/snow-dismissal-procedures/status-archives/13/1/16/Open-with-Option-for-Unscheduled-Leave-or-Unscheduled-Telework_492/,2013-01-16,Unscheduled Leave
https://www.opm.gov/policy-data-oversight/snow-dismissal-procedures/status-archives/12/10/31/Open_484/,2012-10-31,Open
https://www.opm.gov/policy-data-oversight/snow-dismissal-procedures/status-archives/12/10/30/Open-with-Option-for-Unscheduled-Leave-or-Unscheduled-Telework_480/,2012-10-30,Unscheduled Leave
https://www.opm.gov/policy-data-oversight/snow-dismissal-procedures/status-archives/12/10/29/Federal-Offices-are-Closed---Emergency-and-Telework-ready-Employees-Must-Follow-Their-Agencys-Policies_474/,2012-10-29,Closed
https://www.opm.gov/policy-data-oversight/snow-dismissal-procedures/status-archives/12/10/28/Federal-Offices-are-Closed---Emergency-and-Telework-ready-Employees-Must-Follow-Their-Agencys-Policies_470/,2012-10-28,Closed
https://www.opm.gov/policy-data-oversight/snow-dismissal-procedures/status-archives/12/7/5/Open_450/,2012-07-05,Open
https://www.opm.gov/policy-data-oversight/snow-dismissal-procedures/status-archives/12/7/4/Open-with-Option-for-Unscheduled-Leave-or-Unscheduled-Telework_443/,2012-07-04,Unscheduled Leave
https://www.opm.gov/policy-data-oversight/snow-dismissal-procedures/status-archives/12/7/2/Open-with-Option-for-Unscheduled-Leave-or-Unscheduled-Telework_438/,2012-07-02,Unscheduled Leave
https://www.opm.gov/policy-data-oversight/snow-dismissal-procedures/status-archives/12/7/1/Open-with-Option-for-Unscheduled-Leave-or-Unscheduled-Telework_431/,2012-07-01,Unscheduled Leave
https://www.opm.gov/policy-data-oversight/snow-dismissal-procedures/status-archives/12/2/8/Open-with-option-for-Unscheduled-Leave-or-Unscheduled-Telework_428/,2012-02-08,Unscheduled Leave
https://www.opm.gov/policy-data-oversight/snow-dismissal-procedures/status-archives/12/1/22/Open---Delayed-Arrival-with-option-for-Unscheduled-Leave-or-Unscheduled-Telework_420/,2012-01-22,Delayed Arrival
https://www.opm.gov/policy-data-oversight/snow-dismissal-procedures/status-archives/11/9/9/Open-with-option-for-Unscheduled-Leave-or-Unscheduled-Telework_417/,2011-09-09,Unscheduled Leave
https://www.opm.gov/policy-data-oversight/snow-dismissal-procedures/status-archives/11/8/28/Open-with-option-for-Unscheduled-Leave-or-Unscheduled-Telework_408/,2011-08-28,Unscheduled Leave
https://www.opm.gov/policy-data-oversight/snow-dismissal-procedures/status-archives/11/8/24/Open_405/,2011-08-24,Open
https://www.opm.gov/policy-data-oversight/snow-dismissal-procedures/status-archives/11/8/24/Open-with-option-for-Unscheduled-Leave-or-Unscheduled-Telework_396/,2011-08-24,Unscheduled Leave
https://www.opm.gov/policy-data-oversight/snow-dismissal-procedures/status-archives/11/8/24/Open-with-option-for-Unscheduled-Leave-or-Unscheduled-Telework_371/,2011-08-24,Unscheduled Leave
https://www.opm.gov/policy-data-oversight/snow-dismissal-procedures/status-archives/11/8/23/Early-Dismissal_363/,2011-08-23,Early Dismisssal
https://www.opm.gov/policy-data-oversight/snow-dismissal-procedures/status-archives/11/2/22/Open-with-option-for-Unscheduled-Leave-or-Unscheduled-Telework_354/,2011-02-22,Unscheduled Leave
https://www.opm.gov/policy-data-oversight/snow-dismissal-procedures/status-archives/11/2/1/Open-with-option-for-Unscheduled-Leave-or-Unscheduled-Telework_350/,2011-02-02,Unscheduled Leave
https://www.opm.gov/policy-data-oversight/snow-dismissal-procedures/status-archives/11/2/1/Open-with-option-for-Unscheduled-Leave-or-Unscheduled-Telework_345/,2011-02-01,Unscheduled Leave
https://www.opm.gov/policy-data-oversight/snow-dismissal-procedures/status-archives/11/1/31/Open-with-option-for-Unscheduled-Leave-or-Unscheduled-Telework_338/,2011-01-31,Unscheduled Leave
https://www.opm.gov/policy-data-oversight/snow-dismissal-procedures/status-archives/11/1/27/Open---Delayed-Arrival-with-option-for-Unscheduled-Leave-or-Unscheduled-Telework_335/,2011-01-27,Delayed Arrival
https://www.opm.gov/policy-data-oversight/snow-dismissal-procedures/status-archives/11/1/26/Open---Early-Departure_329/,2011-01-26,Early Dismisssal
https://www.opm.gov/policy-data-oversight/snow-dismissal-procedures/status-archives/11/1/18/Open---Delayed-Arrival-with-option-for-Unscheduled-Leave-or-Unscheduled-Telework_325/,2011-01-18,Delayed Arrival
https://www.opm.gov/policy-data-oversight/snow-dismissal-procedures/status-archives/10/12/16/Open_315/,2010-12-16,Open
https://www.opm.gov/policy-data-oversight/snow-dismissal-procedures/status-archives/10/12/16/Open-with-Option-for-Unscheduled-Leave-or-Unscheduled-Telework_309/,2010-12-16,Unscheduled Leave
https://www.opm.gov/policy-data-oversight/snow-dismissal-procedures/status-archives/10/4/11/Open-for-Nuclear-Summit-2010_300/,2010-04-11,Open
https://www.opm.gov/policy-data-oversight/snow-dismissal-procedures/status-archives/10/2/16/Open_296/,2010-02-16,Open
https://www.opm.gov/policy-data-oversight/snow-dismissal-procedures/status-archives/10/2/15/Delayed-ArrivalUnscheduled-Leave_293/,2010-02-15,Delayed Arrival
https://www.opm.gov/policy-data-oversight/snow-dismissal-procedures/status-archives/10/2/11/Delayed-ArrivalUnscheduled-Leave_275/,2010-02-11,Delayed Arrival
https://www.opm.gov/policy-data-oversight/snow-dismissal-procedures/status-archives/10/2/10/Closed_271/,2010-02-10,Closed
https://www.opm.gov/policy-data-oversight/snow-dismissal-procedures/status-archives/10/2/9/Closed_267/,2010-02-09,Closed
https://www.opm.gov/policy-data-oversight/snow-dismissal-procedures/status-archives/10/2/8/Closed_248/,2010-02-08,Closed
https://www.opm.gov/policy-data-oversight/snow-dismissal-procedures/status-archives/10/2/7/Closed_241/,2010-02-07,Closed
https://www.opm.gov/policy-data-oversight/snow-dismissal-procedures/status-archives/10/2/4/Unscheduled-LeaveEarly-Dismissal_229/,2010-02-05,Early Dismisssal
https://www.opm.gov/policy-data-oversight/snow-dismissal-procedures/status-archives/10/2/4/Unscheduled-Leave_227/,2010-02-04,Unscheduled Leave
https://www.opm.gov/policy-data-oversight/snow-dismissal-procedures/status-archives/10/2/3/Unscheduled-Leave_225/,2010-02-03,Unscheduled Leave
https://www.opm.gov/policy-data-oversight/snow-dismissal-procedures/status-archives/09/12/31/Unscheduled-Leave_223/,2009-12-31,Unscheduled Leave
https://www.opm.gov/policy-data-oversight/snow-dismissal-procedures/status-archives/09/12/21/Unscheduled-Leave_220/,2009-12-21,Unscheduled Leave
https://www.opm.gov/policy-data-oversight/snow-dismissal-procedures/status-archives/09/12/20/Closed_217/,2009-12-20,Closed
https://www.opm.gov/policy-data-oversight/snow-dismissal-procedures/status-archives/09/6/23/Tuesday-June-23_214/,2009-06-23,UNKNOWN
https://www.opm.gov/policy-data-oversight/snow-dismissal-procedures/status-archives/09/3/2/Delayed-ArrivalUnscheduled-Leave_211/,2009-03-02,Delayed Arrival
https://www.opm.gov/policy-data-oversight/snow-dismissal-procedures/status-archives/09/1/28/Unscheduled-Leave_208/,2009-01-28,Unscheduled Leave
https://www.opm.gov/policy-data-oversight/snow-dismissal-procedures/status-archives/08/6/13/Power-Outage-Dismissal_206/,2008-06-13,UNKNOWN
https://www.opm.gov/policy-data-oversight/snow-dismissal-procedures/status-archives/08/4/14/Papal-Visit-Week_198/,2008-04-14,UNKNOWN
https://www.opm.gov/policy-data-oversight/snow-dismissal-procedures/status-archives/08/2/22/Unscheduled-Leave_195/,2008-02-22,Unscheduled Leave
https://www.opm.gov/policy-data-oversight/snow-dismissal-procedures/status-archives/08/2/13/Delayed-ArrivalUnscheduled-Leave_193/,2008-02-13,Delayed Arrival
https://www.opm.gov/policy-data-oversight/snow-dismissal-procedures/status-archives/07/12/5/Unscheduled-Leave_190/,2007-12-05,Unscheduled Leave
https://www.opm.gov/policy-data-oversight/snow-dismissal-procedures/status-archives/07/2/25/Unscheduled-Leave_183/,2007-02-25,Unscheduled Leave
https://www.opm.gov/policy-data-oversight/snow-dismissal-procedures/status-archives/07/2/14/Unscheduled-Leave_180/,2007-02-15,Unscheduled Leave
https://www.opm.gov/policy-data-oversight/snow-dismissal-procedures/status-archives/07/2/14/Delayed-ArrivalUnscheduled-Leave_177/,2007-02-14,Delayed Arrival
https://www.opm.gov/policy-data-oversight/snow-dismissal-procedures/status-archives/07/2/13/Early-Dismissal_174/,2007-02-13,Early Dismisssal
https://www.opm.gov/policy-data-oversight/snow-dismissal-procedures/status-archives/07/1/21/Unscheduled-Leave_171/,2007-01-21,Unscheduled Leave
https://www.opm.gov/policy-data-oversight/snow-dismissal-procedures/status-archives/07/1/2/Closed-for-Mourning_165/,2007-01-02,Closed
https://www.opm.gov/policy-data-oversight/snow-dismissal-procedures/status-archives/06/6/27/Unscheduled-Leave_156/,2006-06-28,Unscheduled Leave
https://www.opm.gov/policy-data-oversight/snow-dismissal-procedures/status-archives/06/6/26/Unscheduled-Leave_146/,2006-06-27,Unscheduled Leave
https://www.opm.gov/policy-data-oversight/snow-dismissal-procedures/status-archives/06/6/26/Unscheduled-Leave_137/,2006-06-26,Unscheduled Leave
https://www.opm.gov/policy-data-oversight/snow-dismissal-procedures/status-archives/06/2/12/Unscheduled-Leave_132/,2006-02-12,Unscheduled Leave
https://www.opm.gov/policy-data-oversight/snow-dismissal-procedures/status-archives/05/12/9/Delayed-ArrivalUnscheduled-Leave_125/,2005-12-09,Delayed Arrival
https://www.opm.gov/policy-data-oversight/snow-dismissal-procedures/status-archives/05/2/28/Unscheduled-Leave_112/,2005-02-28,Unscheduled Leave
https://www.opm.gov/policy-data-oversight/snow-dismissal-procedures/status-archives/05/2/24/Early-Dismissal_108/,2005-02-24,Early Dismisssal
https://www.opm.gov/policy-data-oversight/snow-dismissal-procedures/status-archives/05/1/19/Inauguration-Eve-2005_95/,2005-01-19,UNKNOWN
https://www.opm.gov/policy-data-oversight/snow-dismissal-procedures/status-archives/04/6/11/Closed-for-Mourning_90/,2004-06-11,Closed
https://www.opm.gov/policy-data-oversight/snow-dismissal-procedures/status-archives/04/6/8/Unscheduled-Leave-Due-to-Congestion_3/,2004-06-08,Unscheduled Leave
https://www.opm.gov/policy-data-oversight/snow-dismissal-procedures/status-archives/04/2/3/Delayed-Arrival_1/,2004-02-03,Delayed Arrival
https://www.opm.gov/policy-data-oversight/snow-dismissal-procedures/status-archives/04/1/28/Unscheduled-Leave_64/,2004-01-28,Unscheduled Leave
https://www.opm.gov/policy-data-oversight/snow-dismissal-procedures/status-archives/04/1/27/Early-Dismissal_76/,2004-01-27,Early Dismisssal
https://www.opm.gov/policy-data-oversight/snow-dismissal-procedures/status-archives/04/1/27/Unscheduled-Leave_82/,2004-01-27,Unscheduled Leave
https://www.opm.gov/policy-data-oversight/snow-dismissal-procedures/status-archives/04/1/26/Unscheduled-Leave_86/,2004-01-26,Unscheduled Leave
https://www.opm.gov/policy-data-oversight/snow-dismissal-procedures/status-archives/03/12/25/Closed_30/,2003-12-25,Closed
https://www.opm.gov/policy-data-oversight/snow-dismissal-procedures/status-archives/03/9/18/Closed_37/,2003-09-18,Closed
https://www.opm.gov/policy-data-oversight/snow-dismissal-procedures/status-archives/03/9/17/Closed_44/,2003-09-17,Closed
https://www.opm.gov/policy-data-oversight/snow-dismissal-procedures/status-archives/03/3/19/Open_46/,2003-03-19,Open
https://www.opm.gov/policy-data-oversight/snow-dismissal-procedures/status-archives/03/3/18/Closed_53/,2003-03-18,Closed
https://www.opm.gov/policy-data-oversight/snow-dismissal-procedures/status-archives/03/2/28/Unscheduled-Leave_55/,2003-02-28,Unscheduled Leave
https://www.opm.gov/policy-data-oversight/snow-dismissal-procedures/status-archives/03/2/27/Open_59/,2003-02-27,Open
https://www.opm.gov/policy-data-oversight/snow-dismissal-procedures/status-archives/03/2/19/Open_62/,2003-02-19,Open
https://www.opm.gov/policy-data-oversight/snow-dismissal-procedures/status-archives/03/2/18/Unscheduled-Leave_68/,2003-02-18,Unscheduled Leave
https://www.opm.gov/policy-data-oversight/snow-dismissal-procedures/status-archives/03/2/17/Closed_70/,2003-02-17,Closed
https://www.opm.gov/policy-data-oversight/snow-dismissal-procedures/status-archives/03/2/7/Delayed-ArrivalUnscheduled-Leave_72/,2003-02-07,Delayed Arrival
https://www.opm.gov/policy-data-oversight/snow-dismissal-procedures/status-archives/03/1/17/Unscheduled-Leave_74/,2003-01-17,Unscheduled Leave
https://www.opm.gov/policy-data-oversight/snow-dismissal-procedures/status-archives/02/12/12/Open_88/,2002-12-12,Open
https://www.opm.gov/policy-data-oversight/snow-dismissal-procedures/status-archives/02/12/6/Open_84/,2002-12-06,Open
https://www.opm.gov/policy-data-oversight/snow-dismissal-procedures/status-archives/02/12/5/Unscheduled-Leave_80/,2002-12-05,Unscheduled Leave
https://www.opm.gov/policy-data-oversight/snow-dismissal-procedures/status-archives/02/12/4/Open_78/,2002-12-04,Open
https://www.opm.gov/policy-data-oversight/snow-dismissal-procedures/status-archives/01/2/23/Unscheduled-Leave_51/,2001-02-23,Unscheduled Leave
https://www.opm.gov/policy-data-oversight/snow-dismissal-procedures/status-archives/01/2/22/Open_57/,2001-02-22,Open
https://www.opm.gov/policy-data-oversight/snow-dismissal-procedures/status-archives/00/4/16/Wash-DC-Unscheduled-Leave_49/,2000-04-16,Unscheduled Leave
https://www.opm.gov/policy-data-oversight/snow-dismissal-procedures/status-archives/00/2/18/Unscheduled-Leave_42/,2000-02-18,Unscheduled Leave
https://www.opm.gov/policy-data-oversight/snow-dismissal-procedures/status-archives/00/1/31/Delayed-ArrivalUnscheduled-Leave_39/,2000-01-31,Delayed Arrival
https://www.opm.gov/policy-data-oversight/snow-dismissal-procedures/status-archives/00/1/25/Closed_35/,2000-01-26,Closed
https://www.opm.gov/policy-data-oversight/snow-dismissal-procedures/status-archives/00/1/25/Closed_28/,2000-01-25,Closed
https://www.opm.gov/policy-data-oversight/snow-dismissal-procedures/status-archives/00/1/20/Unscheduled-Leave_26/,2000-01-20,Unscheduled Leave
https://www.opm.gov/policy-data-oversight/snow-dismissal-procedures/status-archives/99/10/1/Building-Closure_24/,1999-10-01,UNKNOWN
https://www.opm.gov/policy-data-oversight/snow-dismissal-procedures/status-archives/99/9/16/Unscheduled-Leave_22/,1999-09-16,Unscheduled Leave
https://www.opm.gov/policy-data-oversight/snow-dismissal-procedures/status-archives/99/3/10/Unscheduled-Leave_20/,1999-03-10,Unscheduled Leave
https://www.opm.gov/policy-data-oversight/snow-dismissal-procedures/status-archives/99/3/9/Early-Dismissal_18/,1999-03-09,Early Dismisssal
https://www.opm.gov/policy-data-oversight/snow-dismissal-procedures/status-archives/99/1/15/Unscheduled-Leave_16/,1999-01-15,Unscheduled Leave
https://www.opm.gov/policy-data-oversight/snow-dismissal-procedures/status-archives/99/1/8/Open_13/,1999-01-08,Open
https://www.opm.gov/policy-data-oversight/snow-dismissal-procedures/status-archives/98/12/23/Delayed-ArrivalUnscheduled-Leave_10/,1998-12-23,Delayed Arrival
https://www.opm.gov/policy-data-oversight/snow-dismissal-procedures/status-archives/98/1/15/Unscheduled-Leave_8/,1998-01-15,Unscheduled Leave
